title,company,location,link
"Founding ML/Data Scientist (Remote, UK)",MyDataValue,"Remote - London UK, United Kingdom",https://www.python.org/jobs/8089/
Tech Lead (Python) | Remote – LATAM | Full-time,Crehana,"LATAM, LATAM, LATAM",https://www.python.org/jobs/8088/
Principal Modeler – Model Development,Metropolitan Transportation Commission (MTC),"San Francisco, CA, United States",https://www.python.org/jobs/8087/
Senior Python & SAS Developer (Data Modernization),Illumen Group Inc.,"Suitland, MD, United States",https://www.python.org/jobs/8083/
Founding Engineer,MyDataValue,"London, UK",https://www.python.org/jobs/8082/
Senior Back-End Python Engineer - FULLY REMOTE-WORLDWIDE,"ActivePrime, Inc.","REMOTE, REMOTE",https://www.python.org/jobs/8081/
"Senior BE Python Engineer for DevOps-FULLY REMOTE, U.S., CANADA, EUROPE based only","ActivePrime, Inc.","REMOTE, REMOTE",https://www.python.org/jobs/8080/
Senior Fullstack Software Engineer,Autodesk,"London, United Kingdom",https://www.python.org/jobs/8079/
Python Back-end Developer,Initialize,"Remote, Remote, UK",https://www.python.org/jobs/8077/
Associate Principal AI Scientist,AstraZeneca,"Durham, North Carolina, USA",https://www.python.org/jobs/8076/
Junior DevOps Engineer,Patrick J. McGovern Foundation,"Remote, United States",https://www.python.org/jobs/8075/
Research Advocate and Support Engineer,"Redivis, Inc.","Oakland, CA, United States",https://www.python.org/jobs/8074/
Senior Python Core Engineer,Chime,"Remote, United States",https://www.python.org/jobs/8073/
Lead Python Backend Engineer,Reef Technologies,"Warsaw (fully remote), Poland",https://www.python.org/jobs/8072/
Senior Python Backend Engineer,Reef Technologies,"Warsaw (fully remote), Poland",https://www.python.org/jobs/8071/
Senior Python Engineer,Fulfil,"Toronto, ON, Canada",https://www.python.org/jobs/8070/
Python Developer,Ktek Resourcing,"Columbus, Ohio, United States",https://www.python.org/jobs/8069/
Software Engineer - Python,RouteOne,"Farmington Hills, MI, United States",https://www.python.org/jobs/8068/
"Python Research Software Consultant (Competitive Pay, Short-Term, Remote)",Texas Southern University,"Houston, TX, USA",https://www.python.org/jobs/8067/
GenAI & Python Specialist,Deloitte,"Toronto, Ontario, Canada",https://www.python.org/jobs/8066/
Machine Learning Engineer,Rebel Space Technologies,"Long Beach, Hybrid, California, USA",https://www.python.org/jobs/8065/
Software Engineer (Python/Data),Nava PBC,"Remote, United States",https://www.python.org/jobs/8062/
"DevOps Engineer-FULLY REMOTE-US, CANADA, EUROPE based only","ActivePrime, Inc.","REMOTE, REMOTE",https://www.python.org/jobs/8061/
Senior Back-End Python Engineer - FULLY REMOTE-WORLDWIDE,"ActivePrime, Inc.","REMOTE, REMOTE",https://www.python.org/jobs/8059/
Senior Python Developer - full stack,Trusted Carrier Logistik GmbH,"Remote (EU), Overijsel, Remote (EU)",https://www.python.org/jobs/8057/
